2025-04-08 23:49:05,127.0.0.1,moldovanlorenzo,parola123
2025-04-08 23:49:11,127.0.0.1,moldovanlorenzo,parola234
2025-04-09 18:27:02,127.0.0.1,moldovanlorenzo,parola123
2025-04-09 18:27:06,127.0.0.1,moldovanlorenzo,parola1234
2025-04-09 18:27:10,127.0.0.1,moldovanlorenzo,parola123
2025-04-09 18:27:38,127.0.0.1,moldovanlorenzo,parola213
2025-04-09 18:27:44,127.0.0.1,moldovanlorenzo,parola43321
2025-04-09 18:27:46,127.0.0.1,moldovanlorenzo,parola
2025-04-09 18:30:46,127.0.0.1,moldovanlorenzo,parola
2025-04-09 18:30:49,127.0.0.1,moldovanlorenzo,parola
2025-04-09 18:30:51,127.0.0.1,moldovanlorenzo,parola123
2025-04-09 18:31:28,127.0.0.1,moldovanlorenzo,parola
2025-04-09 18:31:35,127.0.0.1,moldovanlorenzo,parola342
2025-04-09 18:31:39,127.0.0.1,moldovanlorenzo,incercare
2025-04-09 18:44:51,127.0.0.1,moldovanlorenzo,parola1
2025-04-09 18:44:54,127.0.0.1,moldovanlorenzo,parola2
2025-04-09 18:44:57,127.0.0.1,moldovanlorenzo,parola3
2025-04-09 18:45:20,127.0.0.1,moldovanlorenzo,parola4
2025-04-09 18:45:23,127.0.0.1,moldovanlorenzo,parola5
2025-04-09 18:45:26,127.0.0.1,moldovanlorenzo,parola6
2025-04-09 18:49:07,127.0.0.1,moldovanlorenzo,parola1
2025-04-09 18:49:10,127.0.0.1,moldovanlorenzo,parola2
2025-04-09 18:49:13,127.0.0.1,moldovanlorenzo,parola1
2025-04-09 18:49:35,127.0.0.1,moldovanlorenzo,parola3
2025-04-09 18:49:38,127.0.0.1,moldovanlorenzo,parola4
2025-04-09 18:49:40,127.0.0.1,moldovanlorenzo,parola4
2025-04-09 18:49:57,127.0.0.1,moldovanlorenzo,parola4
2025-04-09 18:50:00,127.0.0.1,moldovanlorenzo,parola5
2025-04-09 18:50:03,127.0.0.1,moldovanlorenzo,parola6
